location,location_name,product,product_name,supplier,abc_class,service_level,actual_service_level,avg_inventory_value,actual_avg_inventory_value,avg_inventory_units,actual_avg_inventory_units,total_orders,total_order_units,total_ordering_cost,total_actual_demand,total_fulfilled_units,total_lost_sales_units,promo_days,forecast_units,stockout_days,actual_stockout_days,fill_rate,service_level_delta_vs_actual,inventory_value_delta_vs_actual,reorder_point_s,order_up_to_S,lead_time_days,z_value,review_days,purchase_price,sales_price,minimum_delivery_batch
1314,LOJA 1314,13315,BROMELIN SUSP 100ML,33104,C,0.8913043478260869,1.0,102.18282608695652,159.5807594936709,1.8804347826086956,2.9367088607594938,2,5,93.08,6.0,6.0,0.0,0,0.0,10,0,1.0,-0.10869565217391308,-57.39793340671439,1,3,9,0.0,0,54.34,66.14,1
1314,LOJA 1314,1439,SORINE GTS ADULTO 30ML,334,B,1.0,1.0,135.28021739130435,117.5146835443038,6.673913043478261,5.7974683544303796,2,7,38.0,8.0,8.0,0.0,0,0.0,0,0,1.0,0.0,17.765533847000555,6,9,9,0.0,0,20.27,23.45,1
1314,LOJA 1314,15496,TAMIFLU 75MG CAPS C/10,30697,C,1.0,1.0,541.22,,2.0,,0,0,0.0,0.0,0.0,0.0,0,0.0,0,0,1.0,0.0,,1,2,9,0.0,0,270.61,374.1,1
1314,LOJA 1314,15589,ANTUX XAROPE 120ML,334,A,1.0,1.0,287.2304347826087,318.6516455696203,8.26086956521739,9.164556962025317,3,18,96.06,16.0,16.0,0.0,0,0.0,0,0,1.0,0.0,-31.421210787011603,6,12,9,0.0,0,34.77,41.16,1
1314,LOJA 1314,15590,ANTUX GTS 20ML,334,C,1.0,1.0,179.10130434782607,90.04,3.9782608695652173,2.0,0,0,0.0,0.0,0.0,0.0,0,0.0,0,0,1.0,0.0,89.06130434782607,3,4,9,0.0,0,45.02,59.25,1
1314,LOJA 1314,18064,NEOSORO SOLUCAO NASAL ADULTO 30ML,45151,A,1.0,1.0,1495.2896739130433,664.6632911392405,167.44565217391303,74.43037974683544,5,829,21.400000000000002,854.0,854.0,0.0,31,0.0,0,0,1.0,0.0,830.6263827738028,180,339,9,0.0,0,8.93,7.86,1
1314,LOJA 1314,20635,ABRILAR XAROPE 100ML,87021,A,0.9782608695652174,1.0,158.24934782608696,302.00696202531645,4.543478260869565,8.670886075949367,7,28,207.34,28.0,27.0,1.0,0,0.0,2,0,0.9642857142857143,-0.021739130434782594,-143.7576141992295,5,9,9,0.0,0,34.83,41.5,1
1314,LOJA 1314,21141,PERCOF XAROPE 120ML,96108,A,1.0,1.0,192.45913043478262,343.06430379746837,5.673913043478261,10.113924050632912,6,36,190.85999999999999,34.0,34.0,0.0,0,0.0,0,0,1.0,0.0,-150.60517336268575,6,12,9,0.0,0,33.92,45.21,1
1314,LOJA 1314,31330,ABRILAR XAROPE 200ML,87021,B,1.0,1.0,485.6135869565218,272.6118987341772,6.358695652173913,3.569620253164557,6,6,391.32,5.0,5.0,0.0,0,0.0,0,0,1.0,0.0,213.00168822234457,6,7,9,0.0,0,76.37,91.1,1
1314,LOJA 1314,35416,EXPECTAMIN XAROPE 120ML,102013,C,1.0,1.0,117.60000000000001,111.05012658227847,5.0,4.7215189873417724,1,6,15.48,3.0,3.0,0.0,0,0.0,0,0,1.0,0.0,6.5498734177215425,3,9,9,0.0,0,23.52,25.52,1
1314,LOJA 1314,35772,EMSEXPECTOR XAROPE 120ML,173,C,1.0,1.0,100.47826086956522,82.4939240506329,4.3478260869565215,3.569620253164557,5,6,83.75,6.0,6.0,0.0,0,0.0,0,0,1.0,0.0,17.98433681893232,4,5,9,0.0,0,23.11,14.9,1
1314,LOJA 1314,36857,NARIX ADULTO 30ML,51356,C,1.0,1.0,55.29369565217391,73.3,7.543478260869565,10.0,4,20,15.88,17.0,17.0,0.0,9,0.0,0,0,1.0,0.0,-18.006304347826088,7,12,9,0.0,0,7.33,8.39,1
1314,LOJA 1314,42076,HEDRA EXPEC XAROPE 100ML,102013,C,1.0,1.0,42.34,,2.0,,0,0,0.0,0.0,0.0,0.0,0,0.0,0,0,1.0,0.0,,1,2,9,0.0,0,21.17,37.99,1
1314,LOJA 1314,44217,BROMELIN S 100ML,33104,B,1.0,1.0,211.56228260869565,167.31,3.7934782608695654,3.0,1,1,43.09,1.0,1.0,0.0,0,0.0,0,0,1.0,0.0,44.25228260869565,3,4,9,0.0,0,55.77,74.2,1
1314,LOJA 1314,48812,ARLIVRY XAROPE CEREJA 100ML,35610,B,1.0,1.0,142.11195652173913,91.48101265822785,6.489130434782608,4.177215189873418,4,4,35.92,4.0,4.0,0.0,0,0.0,0,0,1.0,0.0,50.63094386351128,6,7,9,0.0,0,21.9,18.49,1
1314,LOJA 1314,48813,ARLIVRY XAROPE MEL 100ML,35610,B,1.0,1.0,85.81923913043478,161.92594936708863,3.119565217391304,5.886075949367089,6,7,53.88,7.0,7.0,0.0,0,0.0,0,0,1.0,0.0,-76.10671023665385,3,4,9,0.0,0,27.51,18.49,1
1314,LOJA 1314,51957,HEDERA CIMED 7MG 100ML,51356,C,1.0,0.9565217391304348,138.64717391304347,33.825949367088604,3.891304347826087,0.9493670886075949,1,1,14.95,1.0,1.0,0.0,0,0.0,0,4,1.0,0.04347826086956519,104.82122454595486,3,4,9,0.0,0,35.63,47.49,1
1314,LOJA 1314,5345,NARIDRIN ADULTO 15ML,173,B,1.0,1.0,176.41565217391303,158.67240506329114,9.978260869565217,8.974683544303797,1,10,8.94,11.0,11.0,0.0,0,0.0,0,0,1.0,0.0,17.743247110621894,5,15,9,0.0,0,17.68,17.05,1
1314,LOJA 1314,54554,ALOFF XPE 60ML,88708,C,1.0,1.0,66.08,,2.0,,0,0,0.0,0.0,0.0,0.0,0,0.0,0,0,1.0,0.0,,1,2,9,0.0,0,33.04,37.45,1
1314,LOJA 1314,55917,POLARATUSS LIQ 120ML,29532,C,1.0,1.0,59.06,,2.0,,0,0,0.0,0.0,0.0,0.0,0,0.0,0,0,1.0,0.0,,1,2,9,0.0,0,29.53,33.44,1
1314,LOJA 1314,57814,OSELTAMIVIR 75MG CAPS/10 GN-NATCOF,105913,B,1.0,1.0,344.11304347826086,349.5336708860759,1.9565217391304348,1.9873417721518987,0,0,0.0,0.0,0.0,0.0,14,0.0,0,0,1.0,0.0,-5.420627407815061,1,2,9,0.0,0,175.88,193.1,1
1314,LOJA 1314,57816,OSELTAMIVIR 30MG CAPS/10 GN-NATCOF,105913,B,1.0,0.9891304347826086,271.45923913043475,138.02848101265823,3.858695652173913,1.9620253164556962,0,0,0.0,0.0,0.0,0.0,14,0.0,0,1,1.0,0.010869565217391353,133.43075811777652,3,4,9,0.0,0,70.35,77.33,1
1314,LOJA 1314,57817,OSELTAMIVIR 45MG CAPS/10 GN-NATCOF,105913,C,1.0,1.0,211.06,211.06000000000003,2.0,2.0,0,0,0.0,0.0,0.0,0.0,14,0.0,0,0,1.0,0.0,-2.842170943040401e-14,1,2,9,0.0,0,105.53,116.25,1
1314,LOJA 1314,57912,LORATAMED D XPE 60ML,51356,C,1.0,1.0,47.74,47.74,2.0,2.0,0,0,0.0,0.0,0.0,0.0,0,0.0,0,0,1.0,0.0,0.0,1,2,9,0.0,0,23.87,27.81,1
1314,LOJA 1314,58701,ABRILAR XAROPE L-MENTOL 200ML,87021,C,1.0,1.0,123.74804347826088,95.24620253164558,1.891304347826087,1.4556962025316456,1,1,55.87,1.0,1.0,0.0,0,0.0,0,0,1.0,0.0,28.501840946615303,1,2,9,0.0,0,65.43,78.99,1
1314,LOJA 1314,62364,ALOFF XPE 60ML + SER,101141,C,1.0,1.0,72.9,36.45,2.0,1.0,0,0,0.0,0.0,0.0,0.0,0,0.0,0,0,1.0,0.0,36.45,1,2,9,0.0,0,36.45,43.95,1
1314,LOJA 1314,62782,HEDERA CIMED 7MG/ML CEREJA XPE100ML,51356,C,1.0,1.0,74.52,,2.0,,0,0,0.0,0.0,0.0,0.0,0,0.0,0,0,1.0,0.0,,1,2,9,0.0,0,37.26,46.88,1
1314,LOJA 1314,76834,"SORINAN ADULTO 0,5MG SOL NASAL 30ML",111893,C,1.0,1.0,16.170652173913044,8.55,1.891304347826087,1.0,1,1,5.22,1.0,1.0,0.0,0,0.0,0,0,1.0,0.0,7.620652173913044,1,2,9,0.0,0,8.55,10.8,1
1314,LOJA 1314,9607,NARIDRIN 12H ADULTO 30ML,173,A,1.0,1.0,222.564347826087,296.52354430379745,7.8478260869565215,10.455696202531646,9,45,128.79,48.0,48.0,0.0,0,0.0,0,0,1.0,0.0,-73.95919647771046,10,15,9,0.0,0,28.36,27.5,1
841,LOJA 841,13315,BROMELIN SUSP 100ML,33104,C,1.0,1.0,111.78,,2.0,,0,0,0.0,0.0,0.0,0.0,0,0.0,0,0,1.0,0.0,,1,2,3,0.0,0,55.89,74.42,1
841,LOJA 841,1439,SORINE GTS ADULTO 30ML,334,C,0.9565217391304348,0.9565217391304348,38.961739130434786,66.21316455696203,1.8695652173913044,3.1772151898734178,2,3,30.98,3.0,3.0,0.0,0,0.0,4,4,1.0,0.0,-27.25142542652724,1,2,3,0.0,0,20.84,24.3,1
841,LOJA 841,15496,TAMIFLU 75MG CAPS C/10,30697,C,1.0,1.0,554.6,,2.0,,0,0,0.0,0.0,0.0,0.0,0,0.0,0,0,1.0,0.0,,1,2,3,0.0,0,277.3,346.49,1
841,LOJA 841,15589,ANTUX XAROPE 120ML,334,B,1.0,1.0,179.2388043478261,134.02430379746835,5.010869565217392,3.7468354430379747,2,6,52.16,7.0,7.0,0.0,0,0.0,0,0,1.0,0.0,45.21450055035774,3,6,3,0.0,0,35.77,46.99,1
841,LOJA 841,15590,ANTUX GTS 20ML,334,C,1.0,1.0,90.58695652173913,57.43544303797468,1.9565217391304348,1.240506329113924,1,1,34.63,1.0,1.0,0.0,0,0.0,0,0,1.0,0.0,33.15151348376445,1,2,3,0.0,0,46.3,58.26,1
841,LOJA 841,18064,NEOSORO SOLUCAO NASAL ADULTO 30ML,45151,A,0.9891304347826086,1.0,169.51554347826087,368.41430379746834,18.445652173913043,40.08860759493671,4,97,10.28,103.0,102.0,1.0,31,0.0,1,0,0.9902912621359223,-0.010869565217391353,-198.89876031920747,11,33,3,0.0,0,9.19,9.02,1
841,LOJA 841,20635,ABRILAR XAROPE 100ML,87021,C,1.0,0.9782608695652174,68.52521739130434,64.83873417721519,1.9130434782608696,1.8101265822784811,2,2,47.0,2.0,2.0,0.0,0,0.0,0,2,1.0,0.021739130434782594,3.686483214089151,1,2,3,0.0,0,35.82,43.04,1
841,LOJA 841,21141,PERCOF XAROPE 120ML,96108,A,1.0,1.0,124.76967391304348,140.4432911392405,3.5760869565217392,4.025316455696203,10,10,259.7,10.0,10.0,0.0,0,0.0,0,0,1.0,0.0,-15.673617226197024,3,4,3,0.0,0,34.89,44.09,1
841,LOJA 841,31330,ABRILAR XAROPE 200ML,87021,C,1.0,1.0,157.1,157.1,2.0,2.0,0,0,0.0,0.0,0.0,0.0,0,0.0,0,0,1.0,0.0,0.0,1,2,3,0.0,0,78.55,95.01,1
841,LOJA 841,35416,EXPECTAMIN XAROPE 120ML,102013,C,1.0,0.9456521739130435,95.70826086956522,22.658987341772153,3.9565217391304346,0.9367088607594937,1,1,11.26,1.0,1.0,0.0,0,0.0,0,5,1.0,0.05434782608695654,73.04927352779308,3,4,3,0.0,0,24.19,27.29,1
841,LOJA 841,35772,EMSEXPECTOR XAROPE 120ML,173,C,0.9782608695652174,0.9456521739130435,45.47304347826086,44.53113924050633,1.9130434782608696,1.8734177215189873,2,2,25.14,2.0,2.0,0.0,0,0.0,2,5,1.0,0.03260869565217395,0.9419042377545352,1,2,3,0.0,0,23.77,16.65,1
841,LOJA 841,36857,NARIX ADULTO 30ML,51356,C,1.0,0.9565217391304348,28.193043478260872,19.470379746835444,3.739130434782609,2.5822784810126582,4,6,10.4,6.0,6.0,0.0,9,0.0,0,4,1.0,0.04347826086956519,8.722663731425428,3,4,3,0.0,0,7.54,6.5,1
841,LOJA 841,42076,HEDRA EXPEC XAROPE 100ML,102013,C,1.0,1.0,72.02402173913043,72.35316455696203,3.402173913043478,3.4177215189873418,0,0,0.0,1.0,1.0,0.0,0,0.0,0,0,1.0,0.0,-0.3291428178315954,1,2,3,0.0,0,21.17,32.59,1
841,LOJA 841,44217,BROMELIN S 100ML,33104,C,1.0,1.0,114.72,,2.0,,0,0,0.0,0.0,0.0,0.0,0,0.0,0,0,1.0,0.0,,1,2,3,0.0,0,57.36,76.25,1
841,LOJA 841,48812,ARLIVRY XAROPE CEREJA 100ML,35610,C,1.0,0.9782608695652174,42.847826086956516,21.345569620253166,1.9565217391304348,0.9746835443037974,1,1,7.49,1.0,1.0,0.0,0,0.0,0,2,1.0,0.021739130434782594,21.50225646670335,1,2,3,0.0,0,21.9,18.49,1
841,LOJA 841,48813,ARLIVRY XAROPE MEL 100ML,35610,C,1.0,1.0,52.627826086956524,51.18949367088608,1.9130434782608696,1.860759493670886,2,2,14.98,2.0,2.0,0.0,0,0.0,0,0,1.0,0.0,1.4383324160704447,1,2,3,0.0,0,27.51,18.49,1
841,LOJA 841,51957,HEDERA CIMED 7MG 100ML,51356,C,1.0,1.0,146.56,36.64,4.0,1.0,0,0,0.0,0.0,0.0,0.0,0,0.0,0,0,1.0,0.0,109.92,3,4,3,0.0,0,36.64,48.79,1
841,LOJA 841,5345,NARIDRIN ADULTO 15ML,173,C,1.0,1.0,67.8170652173913,101.77189873417723,3.7282608695652173,5.594936708860759,6,6,33.36,7.0,7.0,0.0,0,0.0,0,0,1.0,0.0,-33.954833516785925,3,4,3,0.0,0,18.19,15.1,1
841,LOJA 841,54554,ALOFF XPE 60ML,88708,C,1.0,1.0,66.08,,2.0,,0,0,0.0,0.0,0.0,0.0,0,0.0,0,0,1.0,0.0,,1,2,3,0.0,0,33.04,37.4,1
841,LOJA 841,55917,POLARATUSS LIQ 120ML,29532,C,1.0,1.0,91.13999999999999,60.76,3.0,2.0,0,0,0.0,0.0,0.0,0.0,0,0.0,0,0,1.0,0.0,30.37999999999999,2,3,3,0.0,0,30.38,34.4,1
841,LOJA 841,57814,OSELTAMIVIR 75MG CAPS/10 GN-NATCOF,105913,C,0.9347826086956522,0.9782608695652174,383.9469565217391,1245.5711392405062,2.130434782608696,6.9113924050632916,3,7,304.14,9.0,8.0,1.0,14,0.0,6,2,0.8888888888888888,-0.04347826086956519,-861.6241827187671,1,3,3,0.0,0,180.22,183.2,1
841,LOJA 841,57816,OSELTAMIVIR 30MG CAPS/10 GN-NATCOF,105913,C,1.0,0.9456521739130435,200.59826086956522,144.18,2.782608695652174,2.0,3,5,131.39999999999998,5.0,5.0,0.0,14,0.0,0,5,1.0,0.05434782608695654,56.418260869565216,2,3,3,0.0,0,72.09,73.66,1
841,LOJA 841,57817,OSELTAMIVIR 45MG CAPS/10 GN-NATCOF,105913,B,1.0,1.0,316.19195652173914,199.85367088607595,2.9239130434782608,1.8481012658227849,2,2,131.42,1.0,1.0,0.0,14,0.0,0,0,1.0,0.0,116.3382856356632,2,3,3,0.0,0,108.14,110.2,1
841,LOJA 841,57912,LORATAMED D XPE 60ML,51356,C,1.0,0.9456521739130435,73.62,22.986835443037975,3.0,0.9367088607594937,0,0,0.0,0.0,0.0,0.0,0,0.0,0,5,1.0,0.05434782608695654,50.63316455696203,1,2,3,0.0,0,24.54,25.9,1
841,LOJA 841,58701,ABRILAR XAROPE L-MENTOL 200ML,87021,C,1.0,1.0,157.17423913043478,158.1915189873418,2.402173913043478,2.4177215189873418,0,0,0.0,1.0,1.0,0.0,0,0.0,0,0,1.0,0.0,-1.0172798569070096,1,2,3,0.0,0,65.43,76.99,1
841,LOJA 841,62364,ALOFF XPE 60ML + SER,101141,C,1.0,1.0,74.98,,2.0,,0,0,0.0,0.0,0.0,0.0,0,0.0,0,0,1.0,0.0,,1,2,3,0.0,0,37.49,45.15,1
841,LOJA 841,62782,HEDERA CIMED 7MG/ML CEREJA XPE100ML,51356,C,1.0,0.9239130434782609,75.41010869565217,34.933670886075944,1.9673913043478262,0.9113924050632911,1,1,8.02,1.0,1.0,0.0,0,0.0,0,7,1.0,0.07608695652173914,40.476437809576225,1,2,3,0.0,0,38.33,47.3,1
841,LOJA 841,76834,"SORINAN ADULTO 0,5MG SOL NASAL 30ML",111893,C,1.0,1.0,18.38,9.19,2.0,1.0,0,0,0.0,0.0,0.0,0.0,0,0.0,0,0,1.0,0.0,9.19,1,2,3,0.0,0,9.19,10.8,1
841,LOJA 841,9607,NARIDRIN 12H ADULTO 30ML,173,A,1.0,1.0,167.4104347826087,271.76101265822786,5.739130434782608,9.316455696202532,2,12,17.82,11.0,11.0,0.0,0,0.0,0,0,1.0,0.0,-104.35057787561917,3,9,3,0.0,0,29.17,26.76,1
